{"loss": 0.014461178332567215, "_timestamp": 1712193118.2467842, "_runtime": 183.40655422210693, "_step": 659, "acc": 0.9835164546966553, "val_loss": 2.046885933727026, "val_acc": 0.9163275162378947, "_wandb": {"runtime": 182}}