{"loss": 0.0228537879884243, "_timestamp": 1712191852.1307695, "_runtime": 179.67712259292603, "_step": 659, "acc": 0.9867549538612366, "val_loss": 1.33902183547616, "val_acc": 0.9211969077587128, "_wandb": {"runtime": 179}}