{"loss": 1.0962436199188232, "_timestamp": 1712190927.708015, "_runtime": 13.886513948440552, "_step": 1, "acc": 0.6037735939025879, "_wandb": {"runtime": 13}}