{"loss": 0.001363190938718617, "_timestamp": 1712187540.7696524, "_runtime": 299.6467864513397, "_step": 991, "acc": 1.0, "val_loss": 0.043838392943143845, "val_acc": 0.929411768913269, "_wandb": {"runtime": 299}}