{"loss": 0.03247063606977463, "_timestamp": 1712192736.2776022, "_runtime": 66.49366426467896, "_step": 219, "acc": 0.9820359349250793, "val_loss": 1.500763326883316, "val_acc": 0.9051438222328821, "_wandb": {"runtime": 65}}