{"loss": 0.017817512154579163, "_timestamp": 1712191663.3474658, "_runtime": 245.7031066417694, "_step": 879, "acc": 0.9729729890823364, "val_loss": 1.6299756690859795, "val_acc": 0.8916775286197662, "_wandb": {"runtime": 244}}