{"loss": 0.004727946128696203, "_timestamp": 1712191243.2986085, "_runtime": 287.2179696559906, "_step": 767, "acc": 1.0, "val_loss": 1.2515352480113506, "val_acc": 0.9344415903091431, "_wandb": {"runtime": 286}}