{"loss": 0.03352819383144379, "_timestamp": 1712193543.8940823, "_runtime": 75.06073427200317, "_step": 249, "acc": 0.9826589822769165, "val_loss": 1.066033199429512, "val_acc": 0.9370159606138865, "_wandb": {"runtime": 74}}