{"loss": 0.026064308360219002, "_timestamp": 1712192516.9038868, "_runtime": 64.77522373199463, "_step": 219, "acc": 0.9768785834312439, "val_loss": 1.8277112916111946, "val_acc": 0.8871269126733144, "_wandb": {"runtime": 63}}