{"loss": 0.04041192680597305, "_timestamp": 1712191933.24394, "_runtime": 65.17563915252686, "_step": 219, "acc": 0.9679487347602844, "val_loss": 1.472222849726677, "val_acc": 0.9274311463038126, "_wandb": {"runtime": 64}}