{"loss": 0.016737647354602814, "_timestamp": 1712192445.061952, "_runtime": 121.68088912963867, "_step": 439, "acc": 0.9931507110595703, "val_loss": 1.6907347813248634, "val_acc": 0.9327088743448257, "_wandb": {"runtime": 121}}