{"loss": 0.05189219117164612, "_timestamp": 1712191342.6928287, "_runtime": 90.65965175628662, "_step": 235, "acc": 0.9444444179534912, "val_loss": 1.503768291324377, "val_acc": 0.922849464416504, "_wandb": {"runtime": 181}}