{"loss": 0.030153049156069756, "_timestamp": 1712192312.9016676, "_runtime": 122.22059154510498, "_step": 439, "acc": 0.949999988079071, "val_loss": 2.701989859342575, "val_acc": 0.8905797600746155, "_wandb": {"runtime": 121}}