{"loss": 0.020415395498275757, "_timestamp": 1712192926.535426, "_runtime": 180.2671937942505, "_step": 659, "acc": 0.9777777791023254, "val_loss": 1.311837077140808, "val_acc": 0.9273664851983389, "_wandb": {"runtime": 179}}