{"loss": 0.011711752973496914, "_timestamp": 1712192181.5772524, "_runtime": 239.6473662853241, "_step": 879, "acc": 0.9880239367485046, "val_loss": 1.6085745766758919, "val_acc": 0.9150662819544474, "_wandb": {"runtime": 239}}