{"loss": 0.04344872757792473, "_timestamp": 1712193251.3312917, "_runtime": 123.94702076911926, "_step": 439, "acc": 0.9653179049491882, "val_loss": 1.1576086208224297, "val_acc": 0.942993183930715, "_wandb": {"runtime": 123}}