{"loss": 0.008016236126422882, "_timestamp": 1712192659.5009274, "_runtime": 123.49304151535034, "_step": 439, "acc": 1.0, "val_loss": 1.2387283109128475, "val_acc": 0.9144831895828247, "_wandb": {"runtime": 122}}