{"loss": 1.0397473573684692, "_timestamp": 1712190942.377302, "_runtime": 7.020169019699097, "_step": 1, "acc": 0.5647059082984924, "_wandb": {"runtime": 14}}