{"loss": 1.0843873023986816, "_timestamp": 1712187122.6947768, "_runtime": 18.395532846450806, "_step": 1, "acc": 0.5789473652839661, "_wandb": {"runtime": 18}}