{"loss": 0.022567423060536385, "_timestamp": 1712193458.4210336, "_runtime": 187.30813765525818, "_step": 659, "acc": 0.9696969985961914, "val_loss": 1.95748732984066, "val_acc": 0.9015845209360123, "_wandb": {"runtime": 186}}